{"Training Loss": 0.638165295124054, "_timestamp": 1704874502.4687304, "Learning rate": 0.0003622512437810946, "epoch": 4, "_runtime": 74.93269848823547, "_step": 1166, "gradients/classifier.out_proj.bias": {"_type": "histogram", "values": [1.0, 0.0, 0.0, 0.0, 0.0, 0.0, 0.0, 0.0, 0.0, 0.0, 0.0, 0.0, 0.0, 0.0, 0.0, 0.0, 0.0, 0.0, 0.0, 0.0, 0.0, 0.0, 0.0, 0.0, 0.0, 0.0, 0.0, 0.0, 0.0, 0.0, 0.0, 0.0, 0.0, 0.0, 0.0, 0.0, 0.0, 0.0, 0.0, 0.0, 0.0, 0.0, 0.0, 0.0, 0.0, 0.0, 0.0, 0.0, 0.0, 0.0, 0.0, 0.0, 0.0, 0.0, 0.0, 0.0, 0.0, 0.0, 0.0, 0.0, 0.0, 0.0, 0.0, 1.0], "bins": [-0.13012519478797913, -0.12605878710746765, -0.12199237197637558, -0.11792595684528351, -0.11385954171419144, -0.10979312658309937, -0.10572671890258789, -0.10166030377149582, -0.09759388864040375, -0.09352747350931168, -0.0894610658288002, -0.08539465069770813, -0.08132823556661606, -0.07726182043552399, -0.07319541275501251, -0.06912899762392044, -0.06506258994340897, -0.06099617853760719, -0.05692976340651512, -0.05286335200071335, -0.04879693686962128, -0.044730525463819504, -0.04066411405801773, -0.03659769892692566, -0.032531287521123886, -0.028464874252676964, -0.02439846098423004, -0.02033204957842827, -0.016265636309981346, -0.012199223041534424, -0.00813281163573265, -0.0040663983672857285, 1.4901161193847656e-08, 0.004066427703946829, 0.008132840506732464, 0.012199252843856812, 0.016265666112303734, 0.020332079380750656, 0.02439849078655243, 0.02846490405499935, 0.032531317323446274, 0.03659772872924805, 0.04066414386034012, 0.04473055526614189, 0.048796966671943665, 0.052863381803035736, 0.05692979320883751, 0.06099620461463928, 0.06506261974573135, 0.06912903487682343, 0.0731954425573349, 0.07726185768842697, 0.08132827281951904, 0.08539468050003052, 0.08946109563112259, 0.09352751076221466, 0.09759391844272614, 0.1016603335738182, 0.10572674125432968, 0.10979315638542175, 0.11385957151651382, 0.1179259866476059, 0.12199239432811737, 0.12605880200862885, 0.1301252245903015]}, "eval_metroc": {"matthews_correlation": 0.0}, "_wandb": {"runtime": 71}}