{"Training Loss": 0.6421051025390625, "_timestamp": 1704877564.0783093, "Learning rate": 0.000179726368159204, "epoch": 2, "_runtime": 41.12393021583557, "_step": 578, "gradients/classifier.out_proj.bias": {"_type": "histogram", "values": [1.0, 0.0, 0.0, 0.0, 0.0, 0.0, 0.0, 0.0, 0.0, 0.0, 0.0, 0.0, 0.0, 0.0, 0.0, 0.0, 0.0, 0.0, 0.0, 0.0, 0.0, 0.0, 0.0, 0.0, 0.0, 0.0, 0.0, 0.0, 0.0, 0.0, 0.0, 0.0, 0.0, 0.0, 0.0, 0.0, 0.0, 0.0, 0.0, 0.0, 0.0, 0.0, 0.0, 0.0, 0.0, 0.0, 0.0, 0.0, 0.0, 0.0, 0.0, 0.0, 0.0, 0.0, 0.0, 0.0, 0.0, 0.0, 0.0, 0.0, 0.0, 0.0, 0.0, 1.0], "bins": [-0.18520432710647583, -0.179416686296463, -0.1736290603876114, -0.16784141957759857, -0.16205379366874695, -0.15626615285873413, -0.1504785120487213, -0.1446908712387085, -0.13890324532985687, -0.13311560451984406, -0.12732797861099243, -0.12154033780097961, -0.1157527044415474, -0.10996507108211517, -0.10417743027210236, -0.09838979691267014, -0.09260216355323792, -0.0868145301938057, -0.08102689683437347, -0.07523925602436066, -0.06945162266492844, -0.06366398930549622, -0.0578763522207737, -0.05208871513605118, -0.04630108177661896, -0.04051344841718674, -0.03472581133246422, -0.02893817611038685, -0.02315054088830948, -0.01736290566623211, -0.01157527044415474, -0.0057876333594322205, 0.0, 0.00578763522207737, 0.01157527044415474, 0.01736290566623211, 0.02315054088830948, 0.02893817611038685, 0.03472581133246422, 0.04051344841718674, 0.04630108177661896, 0.05208871513605118, 0.0578763522207737, 0.06366398930549622, 0.06945162266492844, 0.07523925602436066, 0.08102689683437347, 0.0868145301938057, 0.09260216355323792, 0.09838979691267014, 0.10417743027210236, 0.10996507108211517, 0.1157527044415474, 0.12154033780097961, 0.12732797861099243, 0.13311561942100525, 0.13890324532985687, 0.1446908861398697, 0.1504785120487213, 0.15626615285873413, 0.16205379366874695, 0.16784141957759857, 0.1736290603876114, 0.179416686296463, 0.18520432710647583]}, "eval_metroc": {"matthews_correlation": 0.0}, "_wandb": {"runtime": 37}}