{"Training Loss": 0.3043596148490906, "_timestamp": 1704855993.289493, "Learning rate": 0.00039391473483645604, "epoch": 5, "_runtime": 137.36160516738892, "_step": 1593, "eval_metroc": {"matthews_correlation": 0.5582067906106195}, "_wandb": {"runtime": 133}}