{"_wandb": {"runtime": 12}, "eval/loss": 0.6200205087661743, "eval/matthews_correlation": 0.0, "eval/runtime": 8.4533, "eval/samples_per_second": 123.384, "_timestamp": 1704805578.5762353, "_runtime": 16.245773315429688, "_step": 0}