{"Training Loss": 0.54840087890625, "_timestamp": 1704874279.5318248, "Learning rate": 0.00037388853604318836, "epoch": 9, "_runtime": 176.20448994636536, "_step": 2602, "gradients/classifier.out_proj.bias": {"_type": "histogram", "values": [1.0, 0.0, 0.0, 0.0, 0.0, 0.0, 0.0, 0.0, 0.0, 0.0, 0.0, 0.0, 0.0, 0.0, 0.0, 0.0, 0.0, 0.0, 0.0, 0.0, 0.0, 0.0, 0.0, 0.0, 0.0, 0.0, 0.0, 0.0, 0.0, 0.0, 0.0, 0.0, 0.0, 0.0, 0.0, 0.0, 0.0, 0.0, 0.0, 0.0, 0.0, 0.0, 0.0, 0.0, 0.0, 0.0, 0.0, 0.0, 0.0, 0.0, 0.0, 0.0, 0.0, 0.0, 0.0, 0.0, 0.0, 0.0, 0.0, 0.0, 0.0, 0.0, 0.0, 1.0], "bins": [-0.040771484375, -0.039493560791015625, -0.03821563720703125, -0.036937713623046875, -0.0356597900390625, -0.034381866455078125, -0.03310394287109375, -0.031826019287109375, -0.030548095703125, -0.029270172119140625, -0.02799224853515625, -0.026714324951171875, -0.0254364013671875, -0.024158477783203125, -0.02288055419921875, -0.021602630615234375, -0.02032470703125, -0.019046783447265625, -0.01776885986328125, -0.016490936279296875, -0.0152130126953125, -0.013935089111328125, -0.01265716552734375, -0.011379241943359375, -0.010101318359375, -0.008823394775390625, -0.00754547119140625, -0.006267547607421875, -0.0049896240234375, -0.003711700439453125, -0.00243377685546875, -0.001155853271484375, 0.0001220703125, 0.001399993896484375, 0.00267791748046875, 0.003955841064453125, 0.0052337646484375, 0.006511688232421875, 0.00778961181640625, 0.009067535400390625, 0.010345458984375, 0.011623382568359375, 0.01290130615234375, 0.014179229736328125, 0.0154571533203125, 0.016735076904296875, 0.01801300048828125, 0.019290924072265625, 0.02056884765625, 0.021846771240234375, 0.02312469482421875, 0.024402618408203125, 0.0256805419921875, 0.026958465576171875, 0.02823638916015625, 0.029514312744140625, 0.030792236328125, 0.032070159912109375, 0.03334808349609375, 0.034626007080078125, 0.0359039306640625, 0.037181854248046875, 0.03845977783203125, 0.039737701416015625, 0.041015625]}, "eval_metroc": {"matthews_correlation": 0.0}, "_wandb": {"runtime": 172}}