{"Training Loss": 0.6811922788619995, "_timestamp": 1704874639.187946, "Learning rate": 0.0003882978723404256, "epoch": 6, "_runtime": 95.3096570968628, "_step": 1876, "gradients/classifier.out_proj.bias": {"_type": "histogram", "values": [1.0, 0.0, 0.0, 0.0, 0.0, 0.0, 0.0, 0.0, 0.0, 0.0, 0.0, 0.0, 0.0, 0.0, 0.0, 0.0, 0.0, 0.0, 0.0, 0.0, 0.0, 0.0, 0.0, 0.0, 0.0, 0.0, 0.0, 0.0, 0.0, 0.0, 0.0, 0.0, 0.0, 0.0, 0.0, 0.0, 0.0, 0.0, 0.0, 0.0, 0.0, 0.0, 0.0, 0.0, 0.0, 0.0, 0.0, 0.0, 0.0, 0.0, 0.0, 0.0, 0.0, 0.0, 0.0, 0.0, 0.0, 0.0, 0.0, 0.0, 0.0, 0.0, 0.0, 1.0], "bins": [-0.0390581376850605, -0.037837572395801544, -0.03661700338125229, -0.03539643809199333, -0.03417586907744408, -0.03295530378818512, -0.031734734773635864, -0.030514169484376907, -0.029293600469827652, -0.028073033317923546, -0.02685246616601944, -0.025631899014115334, -0.024411331862211227, -0.02319076471030712, -0.021970197558403015, -0.020749632269144058, -0.019529065117239952, -0.018308497965335846, -0.01708793081343174, -0.015867363661527634, -0.014646796509623528, -0.013426229357719421, -0.01220566313713789, -0.010985095985233784, -0.009764528833329678, -0.008543961681425571, -0.007323394529521465, -0.0061028278432786465, -0.00488226069137454, -0.003661693539470434, -0.0024411268532276154, -0.0012205597013235092, 7.450580596923828e-09, 0.0012205744860693812, 0.0024411415215581656, 0.003661708440631628, 0.004882275592535734, 0.00610284274443984, 0.007323409430682659, 0.008543976582586765, 0.009764543734490871, 0.010985110886394978, 0.012205678038299084, 0.013426244258880615, 0.014646811410784721, 0.015867378562688828, 0.017087945714592934, 0.01830851286649704, 0.019529080018401146, 0.020749647170305252, 0.021970214322209358, 0.023190781474113464, 0.02441134862601757, 0.025631915777921677, 0.026852481067180634, 0.02807305008172989, 0.029293615370988846, 0.030514182522892952, 0.03173474967479706, 0.032955314964056015, 0.03417588397860527, 0.03539644926786423, 0.03661701828241348, 0.03783758357167244, 0.039058152586221695]}, "eval_metroc": {"matthews_correlation": 0.0}, "_wandb": {"runtime": 93}}