{"Training Loss": 0.6794412732124329, "_timestamp": 1704875976.5126767, "Learning rate": 3.713678945697048e-05, "epoch": 10, "_runtime": 115.37272477149963, "_step": 2729, "gradients/classifier.out_proj.bias": {"_type": "histogram", "values": [1.0, 0.0, 0.0, 0.0, 0.0, 0.0, 0.0, 0.0, 0.0, 0.0, 0.0, 0.0, 0.0, 0.0, 0.0, 0.0, 0.0, 0.0, 0.0, 0.0, 0.0, 0.0, 0.0, 0.0, 0.0, 0.0, 0.0, 0.0, 0.0, 0.0, 0.0, 0.0, 0.0, 0.0, 0.0, 0.0, 0.0, 0.0, 0.0, 0.0, 0.0, 0.0, 0.0, 0.0, 0.0, 0.0, 0.0, 0.0, 0.0, 0.0, 0.0, 0.0, 0.0, 0.0, 0.0, 0.0, 0.0, 0.0, 0.0, 0.0, 0.0, 0.0, 0.0, 1.0], "bins": [-0.17128720879554749, -0.1659344881772995, -0.16058175265789032, -0.15522903203964233, -0.14987631142139435, -0.14452359080314636, -0.13917085528373718, -0.1338181346654892, -0.1284654140472412, -0.12311268597841263, -0.11775996536016464, -0.11240723729133606, -0.10705451667308807, -0.10170178860425949, -0.09634906053543091, -0.09099633991718292, -0.08564360439777374, -0.08029087632894516, -0.07493815571069717, -0.06958542764186859, -0.0642327070236206, -0.05887997895479202, -0.05352725088596344, -0.048174526542425156, -0.04282180219888687, -0.03746907785534859, -0.0321163535118103, -0.02676362544298172, -0.021410901099443436, -0.01605817675590515, -0.010705448687076569, -0.005352724343538284, 0.0, 0.005352725274860859, 0.010705450549721718, 0.01605817675590515, 0.021410901099443436, 0.02676362544298172, 0.0321163535118103, 0.03746907785534859, 0.04282180219888687, 0.048174526542425156, 0.05352725088596344, 0.05887997895479202, 0.0642327070236206, 0.06958542764186859, 0.07493815571069717, 0.08029088377952576, 0.08564360439777374, 0.09099633246660233, 0.09634905308485031, 0.1017017811536789, 0.10705450177192688, 0.11240722984075546, 0.11775995790958405, 0.12311267852783203, 0.1284654140472412, 0.1338181346654892, 0.13917087018489838, 0.14452359080314636, 0.14987631142139435, 0.15522903203964233, 0.1605817675590515, 0.1659344881772995, 0.17128720879554749]}, "eval_metroc": {"matthews_correlation": 0.0}, "_wandb": {"runtime": 111}}