{"Training Loss": 0.7035140991210938, "_timestamp": 1704876228.3980267, "Learning rate": 8.519900497512438e-05, "epoch": 1, "_runtime": 30.941340684890747, "_step": 274, "gradients/classifier.out_proj.bias": {"_type": "histogram", "values": [1.0, 0.0, 0.0, 0.0, 0.0, 0.0, 0.0, 0.0, 0.0, 0.0, 0.0, 0.0, 0.0, 0.0, 0.0, 0.0, 0.0, 0.0, 0.0, 0.0, 0.0, 0.0, 0.0, 0.0, 0.0, 0.0, 0.0, 0.0, 0.0, 0.0, 0.0, 0.0, 0.0, 0.0, 0.0, 0.0, 0.0, 0.0, 0.0, 0.0, 0.0, 0.0, 0.0, 0.0, 0.0, 0.0, 0.0, 0.0, 0.0, 0.0, 0.0, 0.0, 0.0, 0.0, 0.0, 0.0, 0.0, 0.0, 0.0, 0.0, 0.0, 0.0, 0.0, 1.0], "bins": [-0.13741609454154968, -0.13312184810638428, -0.12882758677005768, -0.12453333288431168, -0.12023907899856567, -0.11594483256340027, -0.11165057867765427, -0.10735632479190826, -0.10306207090616226, -0.09876781702041626, -0.09447356313467026, -0.09017930924892426, -0.08588506281375885, -0.08159080147743225, -0.07729655504226685, -0.07300230115652084, -0.06870804727077484, -0.06441379338502884, -0.06011953949928284, -0.05582528933882713, -0.05153103545308113, -0.04723678156733513, -0.042942531406879425, -0.03864827752113342, -0.03435402363538742, -0.03005976974964142, -0.025765517726540565, -0.021471265703439713, -0.01717701181769371, -0.012882757931947708, -0.008588505908846855, -0.004294253885746002, 0.0, 0.004294252954423428, 0.008588505908846855, 0.012882758863270283, 0.01717701181769371, 0.021471265703439713, 0.025765517726540565, 0.03005976974964142, 0.03435402363538742, 0.03864827752113342, 0.042942531406879425, 0.04723678156733513, 0.05153103545308113, 0.05582528933882713, 0.06011953949928284, 0.06441379338502884, 0.06870804727077484, 0.07300230115652084, 0.07729655504226685, 0.08159080892801285, 0.08588506281375885, 0.09017930924892426, 0.09447356313467026, 0.09876781702041626, 0.10306207090616226, 0.10735632479190826, 0.11165057867765427, 0.11594483256340027, 0.12023907899856567, 0.12453334033489227, 0.12882758677005768, 0.13312184810638428, 0.13741609454154968]}, "eval_metroc": {"matthews_correlation": 0.0}, "_wandb": {"runtime": 26}}