{"Training Loss": 0.5200209021568298, "_timestamp": 1704878319.8643506, "Learning rate": 0.0003517584947602414, "epoch": 13, "_runtime": 128.2560474872589, "_step": 3717, "gradients/classifier.out_proj.bias": {"_type": "histogram", "values": [1.0, 0.0, 0.0, 0.0, 0.0, 0.0, 0.0, 0.0, 0.0, 0.0, 0.0, 0.0, 0.0, 0.0, 0.0, 0.0, 0.0, 0.0, 0.0, 0.0, 0.0, 0.0, 0.0, 0.0, 0.0, 0.0, 0.0, 0.0, 0.0, 0.0, 0.0, 0.0, 0.0, 0.0, 0.0, 0.0, 0.0, 0.0, 0.0, 0.0, 0.0, 0.0, 0.0, 0.0, 0.0, 0.0, 0.0, 0.0, 0.0, 0.0, 0.0, 0.0, 0.0, 0.0, 0.0, 0.0, 0.0, 0.0, 0.0, 0.0, 0.0, 0.0, 0.0, 1.0], "bins": [-0.13645397126674652, -0.1321897804737091, -0.12792560458183289, -0.12366141378879547, -0.11939722299575806, -0.11513303220272064, -0.11086884886026382, -0.106604665517807, -0.10234047472476959, -0.09807628393173218, -0.09381210058927536, -0.08954791724681854, -0.08528372645378113, -0.08101953566074371, -0.0767553523182869, -0.07249116897583008, -0.06822697818279266, -0.06396278738975525, -0.05969860404729843, -0.055434416979551315, -0.0511702299118042, -0.04690604284405708, -0.04264185577630997, -0.03837766870856285, -0.034113481640815735, -0.02984929457306862, -0.025585107505321503, -0.021320920437574387, -0.01705673336982727, -0.012792546302080154, -0.008528359234333038, -0.004264172166585922, 0.0, 0.004264187067747116, 0.008528374135494232, 0.012792561203241348, 0.017056748270988464, 0.02132093533873558, 0.025585122406482697, 0.029849309474229813, 0.03411349654197693, 0.038377683609724045, 0.04264187067747116, 0.04690605774521828, 0.05117024481296539, 0.05543443188071251, 0.059698618948459625, 0.06396280229091644, 0.06822699308395386, 0.07249118387699127, 0.07675536721944809, 0.08101955056190491, 0.08528374135494232, 0.08954793214797974, 0.09381211549043655, 0.09807629883289337, 0.10234048962593079, 0.1066046804189682, 0.11086886376142502, 0.11513304710388184, 0.11939723789691925, 0.12366142868995667, 0.12792560458183289, 0.1321897953748703, 0.13645398616790771]}, "eval_metroc": {"matthews_correlation": 0.0}, "_wandb": {"runtime": 124}}