{"Training Loss": 0.6151480674743652, "_timestamp": 1704877334.8731062, "Learning rate": 0.00025559701492537315, "epoch": 3, "_runtime": 51.07051920890808, "_step": 822, "gradients/classifier.out_proj.bias": {"_type": "histogram", "values": [1.0, 0.0, 0.0, 0.0, 0.0, 0.0, 0.0, 0.0, 0.0, 0.0, 0.0, 0.0, 0.0, 0.0, 0.0, 0.0, 0.0, 0.0, 0.0, 0.0, 0.0, 0.0, 0.0, 0.0, 0.0, 0.0, 0.0, 0.0, 0.0, 0.0, 0.0, 0.0, 0.0, 0.0, 0.0, 0.0, 0.0, 0.0, 0.0, 0.0, 0.0, 0.0, 0.0, 0.0, 0.0, 0.0, 0.0, 0.0, 0.0, 0.0, 0.0, 0.0, 0.0, 0.0, 0.0, 0.0, 0.0, 0.0, 0.0, 0.0, 0.0, 0.0, 0.0, 1.0], "bins": [-0.18926262855529785, -0.1833481788635254, -0.17743371427059174, -0.17151924967765808, -0.16560479998588562, -0.15969035029411316, -0.1537758857011795, -0.14786142110824585, -0.1419469714164734, -0.13603252172470093, -0.13011805713176727, -0.12420359998941422, -0.11828914284706116, -0.1123746857047081, -0.10646022856235504, -0.10054577142000198, -0.09463131427764893, -0.08871685713529587, -0.08280239999294281, -0.07688794285058975, -0.0709734857082367, -0.06505902856588364, -0.05914457142353058, -0.05323011428117752, -0.04731565713882446, -0.041401199996471405, -0.03548674285411835, -0.02957228571176529, -0.02365782856941223, -0.017743371427059174, -0.011828914284706116, -0.005914457142353058, 0.0, 0.005914457142353058, 0.011828914284706116, 0.017743371427059174, 0.02365782856941223, 0.02957228571176529, 0.03548674285411835, 0.041401199996471405, 0.04731565713882446, 0.05323011428117752, 0.05914457142353058, 0.06505902856588364, 0.0709734857082367, 0.07688794285058975, 0.08280239999294281, 0.08871685713529587, 0.09463131427764893, 0.10054577142000198, 0.10646022856235504, 0.1123746857047081, 0.11828914284706116, 0.12420359998941422, 0.13011805713176727, 0.13603252172470093, 0.1419469714164734, 0.14786142110824585, 0.1537758857011795, 0.15969035029411316, 0.16560479998588562, 0.17151924967765808, 0.17743371427059174, 0.1833481788635254, 0.18926262855529785]}, "eval_metroc": {"matthews_correlation": 0.0}, "_wandb": {"runtime": 47}}