{"train/loss": 0.6217, "train/learning_rate": 0.00037928286852589643, "train/epoch": 0.11, "_timestamp": 1704733248.528187, "_runtime": 32.276591062545776, "_step": 30, "_wandb": {"runtime": 29}}