{"Training Loss": 0.6152681112289429, "_timestamp": 1704875056.2241063, "Learning rate": 0.0003138297872340426, "epoch": 20, "_runtime": 218.67241525650024, "_step": 5628, "gradients/classifier.out_proj.bias": {"_type": "histogram", "values": [1.0, 0.0, 0.0, 0.0, 0.0, 0.0, 0.0, 0.0, 0.0, 0.0, 0.0, 0.0, 0.0, 0.0, 0.0, 0.0, 0.0, 0.0, 0.0, 0.0, 0.0, 0.0, 0.0, 0.0, 0.0, 0.0, 0.0, 0.0, 0.0, 0.0, 0.0, 0.0, 0.0, 0.0, 0.0, 0.0, 0.0, 0.0, 0.0, 0.0, 0.0, 0.0, 0.0, 0.0, 0.0, 0.0, 0.0, 0.0, 0.0, 0.0, 0.0, 0.0, 0.0, 0.0, 0.0, 0.0, 0.0, 0.0, 0.0, 0.0, 0.0, 0.0, 0.0, 1.0], "bins": [-0.00205429270863533, -0.001990096177905798, -0.0019258995307609439, -0.0018617028836160898, -0.0017975063528865576, -0.0017333098221570253, -0.0016691131750121713, -0.0016049165278673172, -0.001540719997137785, -0.0014765234664082527, -0.0014123268192633986, -0.0013481301721185446, -0.0012839336413890123, -0.00121973711065948, -0.001155540463514626, -0.001091343816369772, -0.0010271472856402397, -0.0009629506967030466, -0.0008987541077658534, -0.0008345575188286602, -0.0007703609298914671, -0.0007061643409542739, -0.0006419677520170808, -0.0005777711630798876, -0.0005135745741426945, -0.0004493779852055013, -0.00038518139626830816, -0.000320984807331115, -0.00025678821839392185, -0.0001925916294567287, -0.00012839504051953554, -6.419845158234239e-05, -1.862645149230957e-09, 6.419472629204392e-05, 0.00012839131522923708, 0.00019258790416643023, 0.0002567844931036234, 0.00032098108204081655, 0.0003851776709780097, 0.00044937425991520286, 0.000513570848852396, 0.0005777674377895892, 0.0006419640267267823, 0.0007061606156639755, 0.0007703572046011686, 0.0008345537935383618, 0.0008987503824755549, 0.0009629469714127481, 0.0010271435603499413, 0.0010913400910794735, 0.0011555367382243276, 0.0012197333853691816, 0.0012839299160987139, 0.0013481264468282461, 0.0014123230939731002, 0.0014765197411179543, 0.0015407162718474865, 0.0016049128025770187, 0.0016691094497218728, 0.0017333060968667269, 0.0017975026275962591, 0.0018616991583257914, 0.0019258958054706454, 0.0019900924526154995, 0.0020542889833450317]}, "eval_metroc": {"matthews_correlation": 0.0}, "_wandb": {"runtime": 215}}