{"Training Loss": 0.6974677443504333, "_timestamp": 1704854820.3542483, "_runtime": 15.070454359054565, "_step": 0, "_wandb": {"runtime": 11}}