{
    "epoch": 25.0,
    "eval_accuracy": 0.9044026712837002,
    "eval_combined_score": 0.8889919678990705,
    "eval_f1": 0.8735812645144408,
    "eval_loss": 0.2472648322582245,
    "eval_mem_cpu_alloc_delta": 707529,
    "eval_mem_cpu_peaked_delta": 3267522,
    "eval_mem_gpu_alloc_delta": 0,
    "eval_mem_gpu_peaked_delta": 35443200,
    "eval_runtime": 190.5027,
    "eval_samples": 40430,
    "eval_samples_per_second": 212.228,
    "init_mem_cpu_alloc_delta": 6440597,
    "init_mem_cpu_peaked_delta": 18306,
    "init_mem_gpu_alloc_delta": 501066752,
    "init_mem_gpu_peaked_delta": 0,
    "train_mem_cpu_alloc_delta": 20982018,
    "train_mem_cpu_peaked_delta": 155992455,
    "train_mem_gpu_alloc_delta": 11183616,
    "train_mem_gpu_peaked_delta": 1339429888,
    "train_runtime": 63948.1639,
    "train_samples": 363846,
    "train_samples_per_second": 8.89
}