{
    "epoch": 25.0,
    "eval_accuracy": 0.7746970071728915,
    "eval_combined_score": 0.747110796901715,
    "eval_f1": 0.7195245866305385,
    "eval_loss": 1.135271430015564,
    "eval_mem_cpu_alloc_delta": 835996,
    "eval_mem_cpu_peaked_delta": 3239669,
    "eval_mem_gpu_alloc_delta": 0,
    "eval_mem_gpu_peaked_delta": 35443200,
    "eval_runtime": 225.6119,
    "eval_samples": 40430,
    "eval_samples_per_second": 179.202
}