{"Training Loss": 0.7034810185432434, "_timestamp": 1704878549.9787216, "Learning rate": 0.00024191542288557217, "epoch": 2, "_runtime": 39.86647152900696, "_step": 778, "gradients/classifier.out_proj.bias": {"_type": "histogram", "values": [1.0, 0.0, 0.0, 0.0, 0.0, 0.0, 0.0, 0.0, 0.0, 0.0, 0.0, 0.0, 0.0, 0.0, 0.0, 0.0, 0.0, 0.0, 0.0, 0.0, 0.0, 0.0, 0.0, 0.0, 0.0, 0.0, 0.0, 0.0, 0.0, 0.0, 0.0, 0.0, 0.0, 0.0, 0.0, 0.0, 0.0, 0.0, 0.0, 0.0, 0.0, 0.0, 0.0, 0.0, 0.0, 0.0, 0.0, 0.0, 0.0, 0.0, 0.0, 0.0, 0.0, 0.0, 0.0, 0.0, 0.0, 0.0, 0.0, 0.0, 0.0, 0.0, 0.0, 1.0], "bins": [-0.31958138942718506, -0.3095944821834564, -0.2996075451374054, -0.28962063789367676, -0.27963370084762573, -0.2696467936038971, -0.25965988636016846, -0.24967296421527863, -0.2396860420703888, -0.22969911992549896, -0.21971219778060913, -0.2097252905368805, -0.19973836839199066, -0.18975144624710083, -0.1797645390033722, -0.16977761685848236, -0.15979069471359253, -0.1498037725687027, -0.13981685042381287, -0.12982994318008423, -0.1198430210351944, -0.10985609889030457, -0.09986918419599533, -0.0898822695016861, -0.07989534735679626, -0.06990842521190643, -0.0599215105175972, -0.049934592097997665, -0.03994767367839813, -0.0299607552587986, -0.019973836839199066, -0.009986922144889832, 0.0, 0.009986918419599533, 0.019973836839199066, 0.0299607552587986, 0.03994767367839813, 0.049934592097997665, 0.0599215105175972, 0.06990842521190643, 0.07989534735679626, 0.0898822695016861, 0.09986918419599533, 0.10985609889030457, 0.1198430210351944, 0.12982994318008423, 0.13981685042381287, 0.1498037725687027, 0.15979069471359253, 0.16977761685848236, 0.1797645390033722, 0.18975144624710083, 0.19973836839199066, 0.2097252905368805, 0.21971219778060913, 0.22969911992549896, 0.2396860420703888, 0.24967296421527863, 0.25965988636016846, 0.2696467936038971, 0.27963370084762573, 0.28962063789367676, 0.2996075451374054, 0.30959445238113403, 0.31958138942718506]}, "eval_metroc": {"matthews_correlation": 0.0}, "_wandb": {"runtime": 36}}