{"Training Loss": 0.5571244955062866, "_timestamp": 1704875770.271358, "Learning rate": 0.00038625357256271835, "epoch": 7, "_runtime": 95.27813506126404, "_step": 1979, "gradients/classifier.out_proj.bias": {"_type": "histogram", "values": [1.0, 0.0, 0.0, 0.0, 0.0, 0.0, 0.0, 0.0, 0.0, 0.0, 0.0, 0.0, 0.0, 0.0, 0.0, 0.0, 0.0, 0.0, 0.0, 0.0, 0.0, 0.0, 0.0, 0.0, 0.0, 0.0, 0.0, 0.0, 0.0, 0.0, 0.0, 0.0, 0.0, 0.0, 0.0, 0.0, 0.0, 0.0, 0.0, 0.0, 0.0, 0.0, 0.0, 0.0, 0.0, 0.0, 0.0, 0.0, 0.0, 0.0, 0.0, 0.0, 0.0, 0.0, 0.0, 0.0, 0.0, 0.0, 0.0, 0.0, 0.0, 0.0, 0.0, 1.0], "bins": [-0.037165068089962006, -0.036003660410642624, -0.03484225273132324, -0.03368084132671356, -0.03251943364739418, -0.0313580259680748, -0.030196618288755417, -0.029035210609436035, -0.027873802930116653, -0.02671239525079727, -0.02555098570883274, -0.02438957802951336, -0.023228170350193977, -0.022066760808229446, -0.020905353128910065, -0.019743945449590683, -0.018582535907626152, -0.01742112822830677, -0.01625971868634224, -0.015098311007022858, -0.013936903327703476, -0.01277549471706152, -0.011614086106419563, -0.010452678427100182, -0.009291269816458225, -0.008129861205816269, -0.006968453526496887, -0.005807044915854931, -0.004645636770874262, -0.003484228625893593, -0.0023228200152516365, -0.0011614123359322548, -3.725290298461914e-09, 0.0011614045361056924, 0.0023228127975016832, 0.003484221175312996, 0.004645629320293665, 0.005807037465274334, 0.00696844607591629, 0.008129853755235672, 0.009291262365877628, 0.010452670976519585, 0.011614078655838966, 0.012775487266480923, 0.013936895877122879, 0.01509830355644226, 0.016259711235761642, 0.017421118915081024, 0.018582528457045555, 0.019743936136364937, 0.020905345678329468, 0.02206675335764885, 0.02322816103696823, 0.024389568716287613, 0.025550978258252144, 0.026712385937571526, 0.027873795479536057, 0.029035203158855438, 0.03019661270081997, 0.0313580185174942, 0.03251942992210388, 0.033680837601423264, 0.034842245280742645, 0.03600365296006203, 0.03716506063938141]}, "eval_metroc": {"matthews_correlation": 0.0}, "_wandb": {"runtime": 90}}